id,archivo,linea,clasificacion,motivo,contenido_original
6602,cuentas_anuales.csv,8790,OMITIDO,Monto vacio o no numerico: '' [hilo=batch-particion-2],"8000110,08-02-2024,compra,,Retiro parcial"
6603,cuentas_anuales.csv,3790,OMITIDO,Monto vacio o no numerico: '' [hilo=batch-particion-8],"3000110,08-02-2024,compra,,Retiro parcial"
6604,cuentas_anuales.csv,1256,OMITIDO,Monto vacio o no numerico: '' [hilo=batch-particion-7],"1000105,2024-08-11,deposito,,Compra en tienda"
6605,cuentas_anuales.csv,5006,OMITIDO,Monto vacio o no numerico: '' [hilo=batch-particion-6],"5000120,2024/04/11,compra,,Ingreso mensual"
6606,cuentas_anuales.csv,7516,OMITIDO,Monto vacio o no numerico: '' [hilo=batch-particion-5],"7000113,13/12/2024,compra,,Ingreso navideño"
6607,cuentas_anuales.csv,6256,OMITIDO,Monto vacio o no numerico: '' [hilo=batch-particion-3],"6000105,2024-08-11,deposito,,Compra en tienda"
6608,cuentas_anuales.csv,2516,OMITIDO,Monto vacio o no numerico: '' [hilo=batch-particion-4],"2000113,13/12/2024,compra,,Ingreso navideño"
6609,cuentas_anuales.csv,6,OMITIDO,Monto vacio o no numerico: '' [hilo=batch-particion-1],"120,2024/04/11,compra,,Ingreso mensual"
6610,cuentas_anuales.csv,8793,OMITIDO,Monto vacio o no numerico: '' [hilo=batch-particion-2],"8000105,01/09/2024,deposito,,Ingreso mensual"
6611,cuentas_anuales.csv,1271,OMITIDO,Monto vacio o no numerico: '' [hilo=batch-particion-7],"1000108,2024-09-29,deposito,,Ingreso extra"
6612,cuentas_anuales.csv,3793,OMITIDO,Monto vacio o no numerico: '' [hilo=batch-particion-8],"3000105,01/09/2024,deposito,,Ingreso mensual"
6613,cuentas_anuales.csv,5053,OMITIDO,Monto vacio o no numerico: '' [hilo=batch-particion-6],"5000102,2024/11/05,retiro,,Ingreso navideño"
6614,cuentas_anuales.csv,7526,OMITIDO,Monto vacio o no numerico: '' [hilo=batch-particion-5],"7000102,2024/12/27,retiro,,Compra en tienda"
6615,cuentas_anuales.csv,6271,OMITIDO,Monto vacio o no numerico: '' [hilo=batch-particion-3],"6000108,2024-09-29,deposito,,Ingreso extra"
6616,cuentas_anuales.csv,2526,OMITIDO,Monto vacio o no numerico: '' [hilo=batch-particion-4],"2000102,2024/12/27,retiro,,Compra en tienda"
6617,cuentas_anuales.csv,53,OMITIDO,Monto vacio o no numerico: '' [hilo=batch-particion-1],"102,2024/11/05,retiro,,Ingreso navideño"
6618,cuentas_anuales.csv,8842,OMITIDO,Monto vacio o no numerico: '' [hilo=batch-particion-2],"8000114,2024-05-18,deposito,,Retiro parcial"
6619,cuentas_anuales.csv,3842,OMITIDO,Monto vacio o no numerico: '' [hilo=batch-particion-8],"3000114,2024-05-18,deposito,,Retiro parcial"
6620,cuentas_anuales.csv,1318,OMITIDO,Monto vacio o no numerico: '' [hilo=batch-particion-7],"1000119,2024/02/29,compra,,Ingreso mensual"
6621,cuentas_anuales.csv,5070,OMITIDO,Monto vacio o no numerico: '' [hilo=batch-particion-6],"5000104,2024/07/31,deposito,,Compra en tienda"
6622,cuentas_anuales.csv,7530,OMITIDO,Monto vacio o no numerico: '' [hilo=batch-particion-5],"7000116,04-04-2024,compra,,Ingreso navideño"
6623,cuentas_anuales.csv,6318,OMITIDO,Monto vacio o no numerico: '' [hilo=batch-particion-3],"6000119,2024/02/29,compra,,Ingreso mensual"
6624,cuentas_anuales.csv,2530,OMITIDO,Monto vacio o no numerico: '' [hilo=batch-particion-4],"2000116,04-04-2024,compra,,Ingreso navideño"
6625,cuentas_anuales.csv,8849,OMITIDO,Monto vacio o no numerico: '' [hilo=batch-particion-2],"8000112,2024/08/11,deposito,,"
6626,cuentas_anuales.csv,70,OMITIDO,Monto vacio o no numerico: '' [hilo=batch-particion-1],"104,2024/07/31,deposito,,Compra en tienda"
6627,cuentas_anuales.csv,3849,OMITIDO,Monto vacio o no numerico: '' [hilo=batch-particion-8],"3000112,2024/08/11,deposito,,"
6628,cuentas_anuales.csv,5072,OMITIDO,Monto vacio o no numerico: '' [hilo=batch-particion-6],"5000117,2024-01-12,retiro,,Ingreso extra"
6629,cuentas_anuales.csv,7581,OMITIDO,Monto vacio o no numerico: '' [hilo=batch-particion-5],"7000105,2024/03/11,retiro,,Ingreso navideño"
6630,cuentas_anuales.csv,2581,OMITIDO,Monto vacio o no numerico: '' [hilo=batch-particion-4],"2000105,2024/03/11,retiro,,Ingreso navideño"
6631,cuentas_anuales.csv,72,OMITIDO,Monto vacio o no numerico: '' [hilo=batch-particion-1],"117,2024-01-12,retiro,,Ingreso extra"
6632,cuentas_anuales.csv,3851,OMITIDO,Monto vacio o no numerico: '' [hilo=batch-particion-8],"3000107,2024-02-07,deposito,,Ingreso navideño"
6633,cuentas_anuales.csv,8851,OMITIDO,Monto vacio o no numerico: '' [hilo=batch-particion-2],"8000107,2024-02-07,deposito,,Ingreso navideño"
6634,cuentas_anuales.csv,5098,OMITIDO,Monto vacio o no numerico: '' [hilo=batch-particion-6],"5000117,2024-05-18,deposito,,Ingreso mensual"
6635,cuentas_anuales.csv,98,OMITIDO,Monto vacio o no numerico: '' [hilo=batch-particion-1],"117,2024-05-18,deposito,,Ingreso mensual"
6636,cuentas_anuales.csv,2605,OMITIDO,Monto vacio o no numerico: '' [hilo=batch-particion-4],"2000109,2024-09-03,retiro,,Ingreso navideño"
6637,cuentas_anuales.csv,5127,OMITIDO,Monto vacio o no numerico: '' [hilo=batch-particion-6],"5000103,2024-07-12,deposito,,"
6638,cuentas_anuales.csv,7605,OMITIDO,Monto vacio o no numerico: '' [hilo=batch-particion-5],"7000109,2024-09-03,retiro,,Ingreso navideño"
6639,cuentas_anuales.csv,1363,OMITIDO,Monto vacio o no numerico: '' [hilo=batch-particion-7],"1000105,17/12/2024,retiro,,Retiro parcial"
6640,cuentas_anuales.csv,127,OMITIDO,Monto vacio o no numerico: '' [hilo=batch-particion-1],"103,2024-07-12,deposito,,"
6641,cuentas_anuales.csv,8856,OMITIDO,Monto vacio o no numerico: '' [hilo=batch-particion-2],"8000118,20/05/2024,retiro,,Ingreso mensual"
6642,cuentas_anuales.csv,6363,OMITIDO,Monto vacio o no numerico: '' [hilo=batch-particion-3],"6000105,17/12/2024,retiro,,Retiro parcial"
6643,cuentas_anuales.csv,137,OMITIDO,Monto vacio o no numerico: '' [hilo=batch-particion-1],"114,2024/10/16,retiro,,Ingreso mensual"
6644,cuentas_anuales.csv,3856,OMITIDO,Monto vacio o no numerico: '' [hilo=batch-particion-8],"3000118,20/05/2024,retiro,,Ingreso mensual"
6645,cuentas_anuales.csv,5137,OMITIDO,Monto vacio o no numerico: '' [hilo=batch-particion-6],"5000114,2024/10/16,retiro,,Ingreso mensual"
6646,cuentas_anuales.csv,6371,OMITIDO,Monto vacio o no numerico: '' [hilo=batch-particion-3],"6000104,2024-07-17,compra,,Retiro parcial"
6647,cuentas_anuales.csv,2613,OMITIDO,Monto vacio o no numerico: '' [hilo=batch-particion-4],"2000118,11/01/2024,retiro,,"
6648,cuentas_anuales.csv,7613,OMITIDO,Monto vacio o no numerico: '' [hilo=batch-particion-5],"7000118,11/01/2024,retiro,,"
6649,cuentas_anuales.csv,1371,OMITIDO,Monto vacio o no numerico: '' [hilo=batch-particion-7],"1000104,2024-07-17,compra,,Retiro parcial"
6650,cuentas_anuales.csv,3867,OMITIDO,Monto vacio o no numerico: '' [hilo=batch-particion-8],"3000101,01-09-2024,compra,,"
6651,cuentas_anuales.csv,8867,OMITIDO,Monto vacio o no numerico: '' [hilo=batch-particion-2],"8000101,01-09-2024,compra,,"
6652,cuentas_anuales.csv,2621,OMITIDO,Monto vacio o no numerico: '' [hilo=batch-particion-4],"2000114,2024/09/16,compra,,Ingreso extra"
6653,cuentas_anuales.csv,6374,OMITIDO,Monto vacio o no numerico: '' [hilo=batch-particion-3],"6000111,04/05/2024,deposito,,Ingreso navideño"
6654,cuentas_anuales.csv,7621,OMITIDO,Monto vacio o no numerico: '' [hilo=batch-particion-5],"7000114,2024/09/16,compra,,Ingreso extra"
6655,cuentas_anuales.csv,1374,OMITIDO,Monto vacio o no numerico: '' [hilo=batch-particion-7],"1000111,04/05/2024,deposito,,Ingreso navideño"
6656,cuentas_anuales.csv,3878,OMITIDO,Monto vacio o no numerico: '' [hilo=batch-particion-8],"3000101,27-05-2024,deposito,,Ingreso navideño"
6657,cuentas_anuales.csv,2645,OMITIDO,Monto vacio o no numerico: '' [hilo=batch-particion-4],"2000107,08-05-2024,compra,,Retiro parcial"
6658,cuentas_anuales.csv,8878,OMITIDO,Monto vacio o no numerico: '' [hilo=batch-particion-2],"8000101,27-05-2024,deposito,,Ingreso navideño"
6659,cuentas_anuales.csv,6379,OMITIDO,Monto vacio o no numerico: '' [hilo=batch-particion-3],"6000117,01-11-2024,deposito,,"
6660,cuentas_anuales.csv,1379,OMITIDO,Monto vacio o no numerico: '' [hilo=batch-particion-7],"1000117,01-11-2024,deposito,,"
6661,cuentas_anuales.csv,7645,OMITIDO,Monto vacio o no numerico: '' [hilo=batch-particion-5],"7000107,08-05-2024,compra,,Retiro parcial"
6662,cuentas_anuales.csv,2649,OMITIDO,Monto vacio o no numerico: '' [hilo=batch-particion-4],"2000112,2024/03/15,compra,,Ingreso extra"
6663,cuentas_anuales.csv,3886,OMITIDO,Monto vacio o no numerico: '' [hilo=batch-particion-8],"3000102,29/11/2024,compra,,Compra en tienda"
6664,cuentas_anuales.csv,8886,OMITIDO,Monto vacio o no numerico: '' [hilo=batch-particion-2],"8000102,29/11/2024,compra,,Compra en tienda"
6665,cuentas_anuales.csv,6382,OMITIDO,Monto vacio o no numerico: '' [hilo=batch-particion-3],"6000120,2024-07-26,retiro,,Ingreso mensual"
6666,cuentas_anuales.csv,1382,OMITIDO,Monto vacio o no numerico: '' [hilo=batch-particion-7],"1000120,2024-07-26,retiro,,Ingreso mensual"
6667,cuentas_anuales.csv,7649,OMITIDO,Monto vacio o no numerico: '' [hilo=batch-particion-5],"7000112,2024/03/15,compra,,Ingreso extra"
6668,cuentas_anuales.csv,3901,OMITIDO,Monto vacio o no numerico: '' [hilo=batch-particion-8],"3000116,18/12/2024,deposito,,Ingreso navideño"
6669,cuentas_anuales.csv,2667,OMITIDO,Monto vacio o no numerico: '' [hilo=batch-particion-4],"2000113,2024/09/13,retiro,,"
6670,cuentas_anuales.csv,8901,OMITIDO,Monto vacio o no numerico: '' [hilo=batch-particion-2],"8000116,18/12/2024,deposito,,Ingreso navideño"
6671,cuentas_anuales.csv,1385,OMITIDO,Monto vacio o no numerico: '' [hilo=batch-particion-7],"1000102,2024/08/30,retiro,,Ingreso navideño"
6672,cuentas_anuales.csv,6385,OMITIDO,Monto vacio o no numerico: '' [hilo=batch-particion-3],"6000102,2024/08/30,retiro,,Ingreso navideño"
6673,cuentas_anuales.csv,228,OMITIDO,Monto vacio o no numerico: '' [hilo=batch-particion-1],"107,21-03-2024,deposito,,Compra en tienda"
6674,cuentas_anuales.csv,3909,OMITIDO,Monto vacio o no numerico: '' [hilo=batch-particion-8],"3000107,06/04/2024,retiro,,Ingreso mensual"
6675,cuentas_anuales.csv,7667,OMITIDO,Monto vacio o no numerico: '' [hilo=batch-particion-5],"7000113,2024/09/13,retiro,,"
6676,cuentas_anuales.csv,1396,OMITIDO,Monto vacio o no numerico: '' [hilo=batch-particion-7],"1000107,15-06-2024,compra,,"
6677,cuentas_anuales.csv,3940,OMITIDO,Monto vacio o no numerico: '' [hilo=batch-particion-8],"3000117,19-04-2024,retiro,,Retiro parcial"
6678,cuentas_anuales.csv,8909,OMITIDO,Monto vacio o no numerico: '' [hilo=batch-particion-2],"8000107,06/04/2024,retiro,,Ingreso mensual"
6679,cuentas_anuales.csv,6396,OMITIDO,Monto vacio o no numerico: '' [hilo=batch-particion-3],"6000107,15-06-2024,compra,,"
6680,cuentas_anuales.csv,246,OMITIDO,Monto vacio o no numerico: '' [hilo=batch-particion-1],"107,08/12/2024,compra,,Retiro parcial"
6681,cuentas_anuales.csv,6409,OMITIDO,Monto vacio o no numerico: '' [hilo=batch-particion-3],"6000114,2024-03-16,compra,,Retiro parcial"
6682,cuentas_anuales.csv,8940,OMITIDO,Monto vacio o no numerico: '' [hilo=batch-particion-2],"8000117,19-04-2024,retiro,,Retiro parcial"
6683,cuentas_anuales.csv,249,OMITIDO,Monto vacio o no numerico: '' [hilo=batch-particion-1],"106,19/10/2024,deposito,,"
6684,cuentas_anuales.csv,1409,OMITIDO,Monto vacio o no numerico: '' [hilo=batch-particion-7],"1000114,2024-03-16,compra,,Retiro parcial"
6685,cuentas_anuales.csv,6439,OMITIDO,Monto vacio o no numerico: '' [hilo=batch-particion-3],"6000118,09/06/2024,retiro,,Ingreso navideño"
6686,cuentas_anuales.csv,256,OMITIDO,Monto vacio o no numerico: '' [hilo=batch-particion-1],"105,2024-08-11,deposito,,Compra en tienda"
6687,cuentas_anuales.csv,1439,OMITIDO,Monto vacio o no numerico: '' [hilo=batch-particion-7],"1000118,09/06/2024,retiro,,Ingreso navideño"
6688,cuentas_anuales.csv,271,OMITIDO,Monto vacio o no numerico: '' [hilo=batch-particion-1],"108,2024-09-29,deposito,,Ingreso extra"
6689,cuentas_anuales.csv,5228,OMITIDO,Monto vacio o no numerico: '' [hilo=batch-particion-6],"5000107,21-03-2024,deposito,,Compra en tienda"
6690,cuentas_anuales.csv,2707,OMITIDO,Monto vacio o no numerico: '' [hilo=batch-particion-4],"2000103,13-09-2024,compra,,"
6691,cuentas_anuales.csv,3966,OMITIDO,Monto vacio o no numerico: '' [hilo=batch-particion-8],"3000111,07-03-2024,deposito,,Ingreso mensual"
6692,cuentas_anuales.csv,8966,OMITIDO,Monto vacio o no numerico: '' [hilo=batch-particion-2],"8000111,07-03-2024,deposito,,Ingreso mensual"
6693,cuentas_anuales.csv,7707,OMITIDO,Monto vacio o no numerico: '' [hilo=batch-particion-5],"7000103,13-09-2024,compra,,"
6694,cuentas_anuales.csv,1472,OMITIDO,Monto vacio o no numerico: '' [hilo=batch-particion-7],"1000116,2024/03/10,retiro,,Ingreso mensual"
6695,cuentas_anuales.csv,6472,OMITIDO,Monto vacio o no numerico: '' [hilo=batch-particion-3],"6000116,2024/03/10,retiro,,Ingreso mensual"
6696,cuentas_anuales.csv,2790,OMITIDO,Monto vacio o no numerico: '' [hilo=batch-particion-4],"2000110,08-02-2024,compra,,Retiro parcial"
6697,cuentas_anuales.csv,1491,OMITIDO,Monto vacio o no numerico: '' [hilo=batch-particion-7],"1000104,31/05/2024,retiro,,"
6698,cuentas_anuales.csv,5246,OMITIDO,Monto vacio o no numerico: '' [hilo=batch-particion-6],"5000107,08/12/2024,compra,,Retiro parcial"
6699,cuentas_anuales.csv,9006,OMITIDO,Monto vacio o no numerico: '' [hilo=batch-particion-2],"9000120,2024/04/11,compra,,Ingreso mensual"
6700,cuentas_anuales.csv,4006,OMITIDO,Monto vacio o no numerico: '' [hilo=batch-particion-8],"4000120,2024/04/11,compra,,Ingreso mensual"
6701,cuentas_anuales.csv,7790,OMITIDO,Monto vacio o no numerico: '' [hilo=batch-particion-5],"7000110,08-02-2024,compra,,Retiro parcial"
6702,cuentas_anuales.csv,6491,OMITIDO,Monto vacio o no numerico: '' [hilo=batch-particion-3],"6000104,31/05/2024,retiro,,"
6703,cuentas_anuales.csv,2793,OMITIDO,Monto vacio o no numerico: '' [hilo=batch-particion-4],"2000105,01/09/2024,deposito,,Ingreso mensual"
6704,cuentas_anuales.csv,1516,OMITIDO,Monto vacio o no numerico: '' [hilo=batch-particion-7],"1000113,13/12/2024,compra,,Ingreso navideño"
6705,cuentas_anuales.csv,5249,OMITIDO,Monto vacio o no numerico: '' [hilo=batch-particion-6],"5000106,19/10/2024,deposito,,"
6706,cuentas_anuales.csv,7793,OMITIDO,Monto vacio o no numerico: '' [hilo=batch-particion-5],"7000105,01/09/2024,deposito,,Ingreso mensual"
6707,cuentas_anuales.csv,6516,OMITIDO,Monto vacio o no numerico: '' [hilo=batch-particion-3],"6000113,13/12/2024,compra,,Ingreso navideño"
6708,cuentas_anuales.csv,1526,OMITIDO,Monto vacio o no numerico: '' [hilo=batch-particion-7],"1000102,2024/12/27,retiro,,Compra en tienda"
6709,cuentas_anuales.csv,5256,OMITIDO,Monto vacio o no numerico: '' [hilo=batch-particion-6],"5000105,2024-08-11,deposito,,Compra en tienda"
6710,cuentas_anuales.csv,6526,OMITIDO,Monto vacio o no numerico: '' [hilo=batch-particion-3],"6000102,2024/12/27,retiro,,Compra en tienda"
6711,cuentas_anuales.csv,318,OMITIDO,Monto vacio o no numerico: '' [hilo=batch-particion-1],"119,2024/02/29,compra,,Ingreso mensual"
6712,cuentas_anuales.csv,9053,OMITIDO,Monto vacio o no numerico: '' [hilo=batch-particion-2],"9000102,2024/11/05,retiro,,Ingreso navideño"
6713,cuentas_anuales.csv,6530,OMITIDO,Monto vacio o no numerico: '' [hilo=batch-particion-3],"6000116,04-04-2024,compra,,Ingreso navideño"
6714,cuentas_anuales.csv,363,OMITIDO,Monto vacio o no numerico: '' [hilo=batch-particion-1],"105,17/12/2024,retiro,,Retiro parcial"
6715,cuentas_anuales.csv,5271,OMITIDO,Monto vacio o no numerico: '' [hilo=batch-particion-6],"5000108,2024-09-29,deposito,,Ingreso extra"
6716,cuentas_anuales.csv,1530,OMITIDO,Monto vacio o no numerico: '' [hilo=batch-particion-7],"1000116,04-04-2024,compra,,Ingreso navideño"
6717,cuentas_anuales.csv,4053,OMITIDO,Monto vacio o no numerico: '' [hilo=batch-particion-8],"4000102,2024/11/05,retiro,,Ingreso navideño"
6718,cuentas_anuales.csv,7842,OMITIDO,Monto vacio o no numerico: '' [hilo=batch-particion-5],"7000114,2024-05-18,deposito,,Retiro parcial"
6719,cuentas_anuales.csv,2842,OMITIDO,Monto vacio o no numerico: '' [hilo=batch-particion-4],"2000114,2024-05-18,deposito,,Retiro parcial"
6720,cuentas_anuales.csv,9070,OMITIDO,Monto vacio o no numerico: '' [hilo=batch-particion-2],"9000104,2024/07/31,deposito,,Compra en tienda"
6721,cuentas_anuales.csv,4070,OMITIDO,Monto vacio o no numerico: '' [hilo=batch-particion-8],"4000104,2024/07/31,deposito,,Compra en tienda"
6722,cuentas_anuales.csv,7849,OMITIDO,Monto vacio o no numerico: '' [hilo=batch-particion-5],"7000112,2024/08/11,deposito,,"
6723,cuentas_anuales.csv,371,OMITIDO,Monto vacio o no numerico: '' [hilo=batch-particion-1],"104,2024-07-17,compra,,Retiro parcial"
6724,cuentas_anuales.csv,2849,OMITIDO,Monto vacio o no numerico: '' [hilo=batch-particion-4],"2000112,2024/08/11,deposito,,"
6725,cuentas_anuales.csv,4072,OMITIDO,Monto vacio o no numerico: '' [hilo=batch-particion-8],"4000117,2024-01-12,retiro,,Ingreso extra"
6726,cuentas_anuales.csv,7851,OMITIDO,Monto vacio o no numerico: '' [hilo=batch-particion-5],"7000107,2024-02-07,deposito,,Ingreso navideño"
6727,cuentas_anuales.csv,374,OMITIDO,Monto vacio o no numerico: '' [hilo=batch-particion-1],"111,04/05/2024,deposito,,Ingreso navideño"
6728,cuentas_anuales.csv,9072,OMITIDO,Monto vacio o no numerico: '' [hilo=batch-particion-2],"9000117,2024-01-12,retiro,,Ingreso extra"
6729,cuentas_anuales.csv,2851,OMITIDO,Monto vacio o no numerico: '' [hilo=batch-particion-4],"2000107,2024-02-07,deposito,,Ingreso navideño"
6730,cuentas_anuales.csv,5318,OMITIDO,Monto vacio o no numerico: '' [hilo=batch-particion-6],"5000119,2024/02/29,compra,,Ingreso mensual"
6731,cuentas_anuales.csv,7856,OMITIDO,Monto vacio o no numerico: '' [hilo=batch-particion-5],"7000118,20/05/2024,retiro,,Ingreso mensual"
6732,cuentas_anuales.csv,379,OMITIDO,Monto vacio o no numerico: '' [hilo=batch-particion-1],"117,01-11-2024,deposito,,"
6733,cuentas_anuales.csv,4098,OMITIDO,Monto vacio o no numerico: '' [hilo=batch-particion-8],"4000117,2024-05-18,deposito,,Ingreso mensual"
6734,cuentas_anuales.csv,9098,OMITIDO,Monto vacio o no numerico: '' [hilo=batch-particion-2],"9000117,2024-05-18,deposito,,Ingreso mensual"
6735,cuentas_anuales.csv,5363,OMITIDO,Monto vacio o no numerico: '' [hilo=batch-particion-6],"5000105,17/12/2024,retiro,,Retiro parcial"
6736,cuentas_anuales.csv,2856,OMITIDO,Monto vacio o no numerico: '' [hilo=batch-particion-4],"2000118,20/05/2024,retiro,,Ingreso mensual"
6737,cuentas_anuales.csv,382,OMITIDO,Monto vacio o no numerico: '' [hilo=batch-particion-1],"120,2024-07-26,retiro,,Ingreso mensual"
6738,cuentas_anuales.csv,7867,OMITIDO,Monto vacio o no numerico: '' [hilo=batch-particion-5],"7000101,01-09-2024,compra,,"
6739,cuentas_anuales.csv,4127,OMITIDO,Monto vacio o no numerico: '' [hilo=batch-particion-8],"4000103,2024-07-12,deposito,,"
6740,cuentas_anuales.csv,385,OMITIDO,Monto vacio o no numerico: '' [hilo=batch-particion-1],"102,2024/08/30,retiro,,Ingreso navideño"
6741,cuentas_anuales.csv,2867,OMITIDO,Monto vacio o no numerico: '' [hilo=batch-particion-4],"2000101,01-09-2024,compra,,"
6742,cuentas_anuales.csv,9127,OMITIDO,Monto vacio o no numerico: '' [hilo=batch-particion-2],"9000103,2024-07-12,deposito,,"
6743,cuentas_anuales.csv,5371,OMITIDO,Monto vacio o no numerico: '' [hilo=batch-particion-6],"5000104,2024-07-17,compra,,Retiro parcial"
6744,cuentas_anuales.csv,7878,OMITIDO,Monto vacio o no numerico: '' [hilo=batch-particion-5],"7000101,27-05-2024,deposito,,Ingreso navideño"
6745,cuentas_anuales.csv,2878,OMITIDO,Monto vacio o no numerico: '' [hilo=batch-particion-4],"2000101,27-05-2024,deposito,,Ingreso navideño"
6746,cuentas_anuales.csv,396,OMITIDO,Monto vacio o no numerico: '' [hilo=batch-particion-1],"107,15-06-2024,compra,,"
6747,cuentas_anuales.csv,9137,OMITIDO,Monto vacio o no numerico: '' [hilo=batch-particion-2],"9000114,2024/10/16,retiro,,Ingreso mensual"
6748,cuentas_anuales.csv,4137,OMITIDO,Monto vacio o no numerico: '' [hilo=batch-particion-8],"4000114,2024/10/16,retiro,,Ingreso mensual"
6749,cuentas_anuales.csv,5374,OMITIDO,Monto vacio o no numerico: '' [hilo=batch-particion-6],"5000111,04/05/2024,deposito,,Ingreso navideño"
6750,cuentas_anuales.csv,7886,OMITIDO,Monto vacio o no numerico: '' [hilo=batch-particion-5],"7000102,29/11/2024,compra,,Compra en tienda"
6751,cuentas_anuales.csv,6581,OMITIDO,Monto vacio o no numerico: '' [hilo=batch-particion-3],"6000105,2024/03/11,retiro,,Ingreso navideño"
6752,cuentas_anuales.csv,2886,OMITIDO,Monto vacio o no numerico: '' [hilo=batch-particion-4],"2000102,29/11/2024,compra,,Compra en tienda"
6753,cuentas_anuales.csv,5379,OMITIDO,Monto vacio o no numerico: '' [hilo=batch-particion-6],"5000117,01-11-2024,deposito,,"
6754,cuentas_anuales.csv,1581,OMITIDO,Monto vacio o no numerico: '' [hilo=batch-particion-7],"1000105,2024/03/11,retiro,,Ingreso navideño"
6755,cuentas_anuales.csv,7901,OMITIDO,Monto vacio o no numerico: '' [hilo=batch-particion-5],"7000116,18/12/2024,deposito,,Ingreso navideño"
6756,cuentas_anuales.csv,6605,OMITIDO,Monto vacio o no numerico: '' [hilo=batch-particion-3],"6000109,2024-09-03,retiro,,Ingreso navideño"
6757,cuentas_anuales.csv,409,OMITIDO,Monto vacio o no numerico: '' [hilo=batch-particion-1],"114,2024-03-16,compra,,Retiro parcial"
6758,cuentas_anuales.csv,1605,OMITIDO,Monto vacio o no numerico: '' [hilo=batch-particion-7],"1000109,2024-09-03,retiro,,Ingreso navideño"
6759,cuentas_anuales.csv,2901,OMITIDO,Monto vacio o no numerico: '' [hilo=batch-particion-4],"2000116,18/12/2024,deposito,,Ingreso navideño"
6760,cuentas_anuales.csv,6613,OMITIDO,Monto vacio o no numerico: '' [hilo=batch-particion-3],"6000118,11/01/2024,retiro,,"
6761,cuentas_anuales.csv,5382,OMITIDO,Monto vacio o no numerico: '' [hilo=batch-particion-6],"5000120,2024-07-26,retiro,,Ingreso mensual"
6762,cuentas_anuales.csv,439,OMITIDO,Monto vacio o no numerico: '' [hilo=batch-particion-1],"118,09/06/2024,retiro,,Ingreso navideño"
6763,cuentas_anuales.csv,1613,OMITIDO,Monto vacio o no numerico: '' [hilo=batch-particion-7],"1000118,11/01/2024,retiro,,"
6764,cuentas_anuales.csv,6621,OMITIDO,Monto vacio o no numerico: '' [hilo=batch-particion-3],"6000114,2024/09/16,compra,,Ingreso extra"
6765,cuentas_anuales.csv,472,OMITIDO,Monto vacio o no numerico: '' [hilo=batch-particion-1],"116,2024/03/10,retiro,,Ingreso mensual"
6766,cuentas_anuales.csv,5385,OMITIDO,Monto vacio o no numerico: '' [hilo=batch-particion-6],"5000102,2024/08/30,retiro,,Ingreso navideño"
6767,cuentas_anuales.csv,6645,OMITIDO,Monto vacio o no numerico: '' [hilo=batch-particion-3],"6000107,08-05-2024,compra,,Retiro parcial"
6768,cuentas_anuales.csv,7909,OMITIDO,Monto vacio o no numerico: '' [hilo=batch-particion-5],"7000107,06/04/2024,retiro,,Ingreso mensual"
6769,cuentas_anuales.csv,4228,OMITIDO,Monto vacio o no numerico: '' [hilo=batch-particion-8],"4000107,21-03-2024,deposito,,Compra en tienda"
6770,cuentas_anuales.csv,9228,OMITIDO,Monto vacio o no numerico: '' [hilo=batch-particion-2],"9000107,21-03-2024,deposito,,Compra en tienda"
6771,cuentas_anuales.csv,5396,OMITIDO,Monto vacio o no numerico: '' [hilo=batch-particion-6],"5000107,15-06-2024,compra,,"
6772,cuentas_anuales.csv,491,OMITIDO,Monto vacio o no numerico: '' [hilo=batch-particion-1],"104,31/05/2024,retiro,,"
6773,cuentas_anuales.csv,1621,OMITIDO,Monto vacio o no numerico: '' [hilo=batch-particion-7],"1000114,2024/09/16,compra,,Ingreso extra"
6774,cuentas_anuales.csv,7940,OMITIDO,Monto vacio o no numerico: '' [hilo=batch-particion-5],"7000117,19-04-2024,retiro,,Retiro parcial"
6775,cuentas_anuales.csv,4246,OMITIDO,Monto vacio o no numerico: '' [hilo=batch-particion-8],"4000107,08/12/2024,compra,,Retiro parcial"
6776,cuentas_anuales.csv,1645,OMITIDO,Monto vacio o no numerico: '' [hilo=batch-particion-7],"1000107,08-05-2024,compra,,Retiro parcial"
6777,cuentas_anuales.csv,6649,OMITIDO,Monto vacio o no numerico: '' [hilo=batch-particion-3],"6000112,2024/03/15,compra,,Ingreso extra"
6778,cuentas_anuales.csv,9246,OMITIDO,Monto vacio o no numerico: '' [hilo=batch-particion-2],"9000107,08/12/2024,compra,,Retiro parcial"
6779,cuentas_anuales.csv,2909,OMITIDO,Monto vacio o no numerico: '' [hilo=batch-particion-4],"2000107,06/04/2024,retiro,,Ingreso mensual"
6780,cuentas_anuales.csv,7966,OMITIDO,Monto vacio o no numerico: '' [hilo=batch-particion-5],"7000111,07-03-2024,deposito,,Ingreso mensual"
6781,cuentas_anuales.csv,9249,OMITIDO,Monto vacio o no numerico: '' [hilo=batch-particion-2],"9000106,19/10/2024,deposito,,"
6782,cuentas_anuales.csv,4249,OMITIDO,Monto vacio o no numerico: '' [hilo=batch-particion-8],"4000106,19/10/2024,deposito,,"
6783,cuentas_anuales.csv,1649,OMITIDO,Monto vacio o no numerico: '' [hilo=batch-particion-7],"1000112,2024/03/15,compra,,Ingreso extra"
6784,cuentas_anuales.csv,2940,OMITIDO,Monto vacio o no numerico: '' [hilo=batch-particion-4],"2000117,19-04-2024,retiro,,Retiro parcial"
6785,cuentas_anuales.csv,2966,OMITIDO,Monto vacio o no numerico: '' [hilo=batch-particion-4],"2000111,07-03-2024,deposito,,Ingreso mensual"
6786,cuentas_anuales.csv,516,OMITIDO,Monto vacio o no numerico: '' [hilo=batch-particion-1],"113,13/12/2024,compra,,Ingreso navideño"
6787,cuentas_anuales.csv,526,OMITIDO,Monto vacio o no numerico: '' [hilo=batch-particion-1],"102,2024/12/27,retiro,,Compra en tienda"
6788,cuentas_anuales.csv,6667,OMITIDO,Monto vacio o no numerico: '' [hilo=batch-particion-3],"6000113,2024/09/13,retiro,,"
6789,cuentas_anuales.csv,5409,OMITIDO,Monto vacio o no numerico: '' [hilo=batch-particion-6],"5000114,2024-03-16,compra,,Retiro parcial"
6790,cuentas_anuales.csv,530,OMITIDO,Monto vacio o no numerico: '' [hilo=batch-particion-1],"116,04-04-2024,compra,,Ingreso navideño"
6791,cuentas_anuales.csv,6707,OMITIDO,Monto vacio o no numerico: '' [hilo=batch-particion-3],"6000103,13-09-2024,compra,,"
6792,cuentas_anuales.csv,5439,OMITIDO,Monto vacio o no numerico: '' [hilo=batch-particion-6],"5000118,09/06/2024,retiro,,Ingreso navideño"
6793,cuentas_anuales.csv,581,OMITIDO,Monto vacio o no numerico: '' [hilo=batch-particion-1],"105,2024/03/11,retiro,,Ingreso navideño"
6794,cuentas_anuales.csv,1667,OMITIDO,Monto vacio o no numerico: '' [hilo=batch-particion-7],"1000113,2024/09/13,retiro,,"
6795,cuentas_anuales.csv,4256,OMITIDO,Monto vacio o no numerico: '' [hilo=batch-particion-8],"4000105,2024-08-11,deposito,,Compra en tienda"
6796,cuentas_anuales.csv,9256,OMITIDO,Monto vacio o no numerico: '' [hilo=batch-particion-2],"9000105,2024-08-11,deposito,,Compra en tienda"
6797,cuentas_anuales.csv,8006,OMITIDO,Monto vacio o no numerico: '' [hilo=batch-particion-5],"8000120,2024/04/11,compra,,Ingreso mensual"
6798,cuentas_anuales.csv,3006,OMITIDO,Monto vacio o no numerico: '' [hilo=batch-particion-4],"3000120,2024/04/11,compra,,Ingreso mensual"
6799,cuentas_anuales.csv,5472,OMITIDO,Monto vacio o no numerico: '' [hilo=batch-particion-6],"5000116,2024/03/10,retiro,,Ingreso mensual"
6800,cuentas_anuales.csv,3053,OMITIDO,Monto vacio o no numerico: '' [hilo=batch-particion-4],"3000102,2024/11/05,retiro,,Ingreso navideño"
6801,cuentas_anuales.csv,9271,OMITIDO,Monto vacio o no numerico: '' [hilo=batch-particion-2],"9000108,2024-09-29,deposito,,Ingreso extra"
6802,cuentas_anuales.csv,8053,OMITIDO,Monto vacio o no numerico: '' [hilo=batch-particion-5],"8000102,2024/11/05,retiro,,Ingreso navideño"
6803,cuentas_anuales.csv,1707,OMITIDO,Monto vacio o no numerico: '' [hilo=batch-particion-7],"1000103,13-09-2024,compra,,"
6804,cuentas_anuales.csv,4271,OMITIDO,Monto vacio o no numerico: '' [hilo=batch-particion-8],"4000108,2024-09-29,deposito,,Ingreso extra"
6805,cuentas_anuales.csv,5491,OMITIDO,Monto vacio o no numerico: '' [hilo=batch-particion-6],"5000104,31/05/2024,retiro,,"
6806,cuentas_anuales.csv,9318,OMITIDO,Monto vacio o no numerico: '' [hilo=batch-particion-2],"9000119,2024/02/29,compra,,Ingreso mensual"
6807,cuentas_anuales.csv,3070,OMITIDO,Monto vacio o no numerico: '' [hilo=batch-particion-4],"3000104,2024/07/31,deposito,,Compra en tienda"
6808,cuentas_anuales.csv,8070,OMITIDO,Monto vacio o no numerico: '' [hilo=batch-particion-5],"8000104,2024/07/31,deposito,,Compra en tienda"
6809,cuentas_anuales.csv,4318,OMITIDO,Monto vacio o no numerico: '' [hilo=batch-particion-8],"4000119,2024/02/29,compra,,Ingreso mensual"
6810,cuentas_anuales.csv,3072,OMITIDO,Monto vacio o no numerico: '' [hilo=batch-particion-4],"3000117,2024-01-12,retiro,,Ingreso extra"
6811,cuentas_anuales.csv,8072,OMITIDO,Monto vacio o no numerico: '' [hilo=batch-particion-5],"8000117,2024-01-12,retiro,,Ingreso extra"
6812,cuentas_anuales.csv,3098,OMITIDO,Monto vacio o no numerico: '' [hilo=batch-particion-4],"3000117,2024-05-18,deposito,,Ingreso mensual"
6813,cuentas_anuales.csv,8098,OMITIDO,Monto vacio o no numerico: '' [hilo=batch-particion-5],"8000117,2024-05-18,deposito,,Ingreso mensual"
6814,cuentas_anuales.csv,6790,OMITIDO,Monto vacio o no numerico: '' [hilo=batch-particion-3],"6000110,08-02-2024,compra,,Retiro parcial"
6815,cuentas_anuales.csv,605,OMITIDO,Monto vacio o no numerico: '' [hilo=batch-particion-1],"109,2024-09-03,retiro,,Ingreso navideño"
6816,cuentas_anuales.csv,5516,OMITIDO,Monto vacio o no numerico: '' [hilo=batch-particion-6],"5000113,13/12/2024,compra,,Ingreso navideño"
6817,cuentas_anuales.csv,3127,OMITIDO,Monto vacio o no numerico: '' [hilo=batch-particion-4],"3000103,2024-07-12,deposito,,"
6818,cuentas_anuales.csv,4363,OMITIDO,Monto vacio o no numerico: '' [hilo=batch-particion-8],"4000105,17/12/2024,retiro,,Retiro parcial"
6819,cuentas_anuales.csv,6793,OMITIDO,Monto vacio o no numerico: '' [hilo=batch-particion-3],"6000105,01/09/2024,deposito,,Ingreso mensual"
6820,cuentas_anuales.csv,613,OMITIDO,Monto vacio o no numerico: '' [hilo=batch-particion-1],"118,11/01/2024,retiro,,"
6821,cuentas_anuales.csv,5526,OMITIDO,Monto vacio o no numerico: '' [hilo=batch-particion-6],"5000102,2024/12/27,retiro,,Compra en tienda"
6822,cuentas_anuales.csv,9363,OMITIDO,Monto vacio o no numerico: '' [hilo=batch-particion-2],"9000105,17/12/2024,retiro,,Retiro parcial"
6823,cuentas_anuales.csv,3137,OMITIDO,Monto vacio o no numerico: '' [hilo=batch-particion-4],"3000114,2024/10/16,retiro,,Ingreso mensual"
6824,cuentas_anuales.csv,1790,OMITIDO,Monto vacio o no numerico: '' [hilo=batch-particion-7],"1000110,08-02-2024,compra,,Retiro parcial"
6825,cuentas_anuales.csv,8127,OMITIDO,Monto vacio o no numerico: '' [hilo=batch-particion-5],"8000103,2024-07-12,deposito,,"
6826,cuentas_anuales.csv,4371,OMITIDO,Monto vacio o no numerico: '' [hilo=batch-particion-8],"4000104,2024-07-17,compra,,Retiro parcial"
6827,cuentas_anuales.csv,8137,OMITIDO,Monto vacio o no numerico: '' [hilo=batch-particion-5],"8000114,2024/10/16,retiro,,Ingreso mensual"
6828,cuentas_anuales.csv,1793,OMITIDO,Monto vacio o no numerico: '' [hilo=batch-particion-7],"1000105,01/09/2024,deposito,,Ingreso mensual"
6829,cuentas_anuales.csv,6842,OMITIDO,Monto vacio o no numerico: '' [hilo=batch-particion-3],"6000114,2024-05-18,deposito,,Retiro parcial"
6830,cuentas_anuales.csv,621,OMITIDO,Monto vacio o no numerico: '' [hilo=batch-particion-1],"114,2024/09/16,compra,,Ingreso extra"
6831,cuentas_anuales.csv,5530,OMITIDO,Monto vacio o no numerico: '' [hilo=batch-particion-6],"5000116,04-04-2024,compra,,Ingreso navideño"
6832,cuentas_anuales.csv,9371,OMITIDO,Monto vacio o no numerico: '' [hilo=batch-particion-2],"9000104,2024-07-17,compra,,Retiro parcial"
6833,cuentas_anuales.csv,4374,OMITIDO,Monto vacio o no numerico: '' [hilo=batch-particion-8],"4000111,04/05/2024,deposito,,Ingreso navideño"
6834,cuentas_anuales.csv,6849,OMITIDO,Monto vacio o no numerico: '' [hilo=batch-particion-3],"6000112,2024/08/11,deposito,,"
6835,cuentas_anuales.csv,1842,OMITIDO,Monto vacio o no numerico: '' [hilo=batch-particion-7],"1000114,2024-05-18,deposito,,Retiro parcial"
6836,cuentas_anuales.csv,9374,OMITIDO,Monto vacio o no numerico: '' [hilo=batch-particion-2],"9000111,04/05/2024,deposito,,Ingreso navideño"
6837,cuentas_anuales.csv,645,OMITIDO,Monto vacio o no numerico: '' [hilo=batch-particion-1],"107,08-05-2024,compra,,Retiro parcial"
6838,cuentas_anuales.csv,4379,OMITIDO,Monto vacio o no numerico: '' [hilo=batch-particion-8],"4000117,01-11-2024,deposito,,"
6839,cuentas_anuales.csv,5581,OMITIDO,Monto vacio o no numerico: '' [hilo=batch-particion-6],"5000105,2024/03/11,retiro,,Ingreso navideño"
6840,cuentas_anuales.csv,6851,OMITIDO,Monto vacio o no numerico: '' [hilo=batch-particion-3],"6000107,2024-02-07,deposito,,Ingreso navideño"
6841,cuentas_anuales.csv,4382,OMITIDO,Monto vacio o no numerico: '' [hilo=batch-particion-8],"4000120,2024-07-26,retiro,,Ingreso mensual"
6842,cuentas_anuales.csv,9379,OMITIDO,Monto vacio o no numerico: '' [hilo=batch-particion-2],"9000117,01-11-2024,deposito,,"
6843,cuentas_anuales.csv,649,OMITIDO,Monto vacio o no numerico: '' [hilo=batch-particion-1],"112,2024/03/15,compra,,Ingreso extra"
6844,cuentas_anuales.csv,1849,OMITIDO,Monto vacio o no numerico: '' [hilo=batch-particion-7],"1000112,2024/08/11,deposito,,"
6845,cuentas_anuales.csv,667,OMITIDO,Monto vacio o no numerico: '' [hilo=batch-particion-1],"113,2024/09/13,retiro,,"
6846,cuentas_anuales.csv,9382,OMITIDO,Monto vacio o no numerico: '' [hilo=batch-particion-2],"9000120,2024-07-26,retiro,,Ingreso mensual"
6847,cuentas_anuales.csv,1851,OMITIDO,Monto vacio o no numerico: '' [hilo=batch-particion-7],"1000107,2024-02-07,deposito,,Ingreso navideño"
6848,cuentas_anuales.csv,4385,OMITIDO,Monto vacio o no numerico: '' [hilo=batch-particion-8],"4000102,2024/08/30,retiro,,Ingreso navideño"
6849,cuentas_anuales.csv,3228,OMITIDO,Monto vacio o no numerico: '' [hilo=batch-particion-4],"3000107,21-03-2024,deposito,,Compra en tienda"
6850,cuentas_anuales.csv,8228,OMITIDO,Monto vacio o no numerico: '' [hilo=batch-particion-5],"8000107,21-03-2024,deposito,,Compra en tienda"
6851,cuentas_anuales.csv,5605,OMITIDO,Monto vacio o no numerico: '' [hilo=batch-particion-6],"5000109,2024-09-03,retiro,,Ingreso navideño"
6852,cuentas_anuales.csv,9385,OMITIDO,Monto vacio o no numerico: '' [hilo=batch-particion-2],"9000102,2024/08/30,retiro,,Ingreso navideño"
6853,cuentas_anuales.csv,4396,OMITIDO,Monto vacio o no numerico: '' [hilo=batch-particion-8],"4000107,15-06-2024,compra,,"
6854,cuentas_anuales.csv,3246,OMITIDO,Monto vacio o no numerico: '' [hilo=batch-particion-4],"3000107,08/12/2024,compra,,Retiro parcial"
6855,cuentas_anuales.csv,5613,OMITIDO,Monto vacio o no numerico: '' [hilo=batch-particion-6],"5000118,11/01/2024,retiro,,"
6856,cuentas_anuales.csv,8246,OMITIDO,Monto vacio o no numerico: '' [hilo=batch-particion-5],"8000107,08/12/2024,compra,,Retiro parcial"
6857,cuentas_anuales.csv,6856,OMITIDO,Monto vacio o no numerico: '' [hilo=batch-particion-3],"6000118,20/05/2024,retiro,,Ingreso mensual"
6858,cuentas_anuales.csv,9396,OMITIDO,Monto vacio o no numerico: '' [hilo=batch-particion-2],"9000107,15-06-2024,compra,,"
6859,cuentas_anuales.csv,8249,OMITIDO,Monto vacio o no numerico: '' [hilo=batch-particion-5],"8000106,19/10/2024,deposito,,"
6860,cuentas_anuales.csv,5621,OMITIDO,Monto vacio o no numerico: '' [hilo=batch-particion-6],"5000114,2024/09/16,compra,,Ingreso extra"
6861,cuentas_anuales.csv,4409,OMITIDO,Monto vacio o no numerico: '' [hilo=batch-particion-8],"4000114,2024-03-16,compra,,Retiro parcial"
6862,cuentas_anuales.csv,6867,OMITIDO,Monto vacio o no numerico: '' [hilo=batch-particion-3],"6000101,01-09-2024,compra,,"
6863,cuentas_anuales.csv,3249,OMITIDO,Monto vacio o no numerico: '' [hilo=batch-particion-4],"3000106,19/10/2024,deposito,,"
6864,cuentas_anuales.csv,5645,OMITIDO,Monto vacio o no numerico: '' [hilo=batch-particion-6],"5000107,08-05-2024,compra,,Retiro parcial"
6865,cuentas_anuales.csv,9409,OMITIDO,Monto vacio o no numerico: '' [hilo=batch-particion-2],"9000114,2024-03-16,compra,,Retiro parcial"
6866,cuentas_anuales.csv,6878,OMITIDO,Monto vacio o no numerico: '' [hilo=batch-particion-3],"6000101,27-05-2024,deposito,,Ingreso navideño"
6867,cuentas_anuales.csv,3256,OMITIDO,Monto vacio o no numerico: '' [hilo=batch-particion-4],"3000105,2024-08-11,deposito,,Compra en tienda"
6868,cuentas_anuales.csv,4439,OMITIDO,Monto vacio o no numerico: '' [hilo=batch-particion-8],"4000118,09/06/2024,retiro,,Ingreso navideño"
6869,cuentas_anuales.csv,8256,OMITIDO,Monto vacio o no numerico: '' [hilo=batch-particion-5],"8000105,2024-08-11,deposito,,Compra en tienda"
6870,cuentas_anuales.csv,9439,OMITIDO,Monto vacio o no numerico: '' [hilo=batch-particion-2],"9000118,09/06/2024,retiro,,Ingreso navideño"
6871,cuentas_anuales.csv,3271,OMITIDO,Monto vacio o no numerico: '' [hilo=batch-particion-4],"3000108,2024-09-29,deposito,,Ingreso extra"
6872,cuentas_anuales.csv,5649,OMITIDO,Monto vacio o no numerico: '' [hilo=batch-particion-6],"5000112,2024/03/15,compra,,Ingreso extra"
6873,cuentas_anuales.csv,6886,OMITIDO,Monto vacio o no numerico: '' [hilo=batch-particion-3],"6000102,29/11/2024,compra,,Compra en tienda"
6874,cuentas_anuales.csv,8271,OMITIDO,Monto vacio o no numerico: '' [hilo=batch-particion-5],"8000108,2024-09-29,deposito,,Ingreso extra"
6875,cuentas_anuales.csv,707,OMITIDO,Monto vacio o no numerico: '' [hilo=batch-particion-1],"103,13-09-2024,compra,,"
6876,cuentas_anuales.csv,1856,OMITIDO,Monto vacio o no numerico: '' [hilo=batch-particion-7],"1000118,20/05/2024,retiro,,Ingreso mensual"
6877,cuentas_anuales.csv,6901,OMITIDO,Monto vacio o no numerico: '' [hilo=batch-particion-3],"6000116,18/12/2024,deposito,,Ingreso navideño"
6878,cuentas_anuales.csv,5667,OMITIDO,Monto vacio o no numerico: '' [hilo=batch-particion-6],"5000113,2024/09/13,retiro,,"
6879,cuentas_anuales.csv,1867,OMITIDO,Monto vacio o no numerico: '' [hilo=batch-particion-7],"1000101,01-09-2024,compra,,"
6880,cuentas_anuales.csv,790,OMITIDO,Monto vacio o no numerico: '' [hilo=batch-particion-1],"110,08-02-2024,compra,,Retiro parcial"
6881,cuentas_anuales.csv,1878,OMITIDO,Monto vacio o no numerico: '' [hilo=batch-particion-7],"1000101,27-05-2024,deposito,,Ingreso navideño"
6882,cuentas_anuales.csv,6909,OMITIDO,Monto vacio o no numerico: '' [hilo=batch-particion-3],"6000107,06/04/2024,retiro,,Ingreso mensual"
6883,cuentas_anuales.csv,793,OMITIDO,Monto vacio o no numerico: '' [hilo=batch-particion-1],"105,01/09/2024,deposito,,Ingreso mensual"
6884,cuentas_anuales.csv,1886,OMITIDO,Monto vacio o no numerico: '' [hilo=batch-particion-7],"1000102,29/11/2024,compra,,Compra en tienda"
6885,cuentas_anuales.csv,6940,OMITIDO,Monto vacio o no numerico: '' [hilo=batch-particion-3],"6000117,19-04-2024,retiro,,Retiro parcial"
6886,cuentas_anuales.csv,9472,OMITIDO,Monto vacio o no numerico: '' [hilo=batch-particion-2],"9000116,2024/03/10,retiro,,Ingreso mensual"
6887,cuentas_anuales.csv,4472,OMITIDO,Monto vacio o no numerico: '' [hilo=batch-particion-8],"4000116,2024/03/10,retiro,,Ingreso mensual"
6888,cuentas_anuales.csv,8318,OMITIDO,Monto vacio o no numerico: '' [hilo=batch-particion-5],"8000119,2024/02/29,compra,,Ingreso mensual"
6889,cuentas_anuales.csv,3318,OMITIDO,Monto vacio o no numerico: '' [hilo=batch-particion-4],"3000119,2024/02/29,compra,,Ingreso mensual"
6890,cuentas_anuales.csv,9491,OMITIDO,Monto vacio o no numerico: '' [hilo=batch-particion-2],"9000104,31/05/2024,retiro,,"
6891,cuentas_anuales.csv,4491,OMITIDO,Monto vacio o no numerico: '' [hilo=batch-particion-8],"4000104,31/05/2024,retiro,,"
6892,cuentas_anuales.csv,1901,OMITIDO,Monto vacio o no numerico: '' [hilo=batch-particion-7],"1000116,18/12/2024,deposito,,Ingreso navideño"
6893,cuentas_anuales.csv,5707,OMITIDO,Monto vacio o no numerico: '' [hilo=batch-particion-6],"5000103,13-09-2024,compra,,"
6894,cuentas_anuales.csv,3363,OMITIDO,Monto vacio o no numerico: '' [hilo=batch-particion-4],"3000105,17/12/2024,retiro,,Retiro parcial"
6895,cuentas_anuales.csv,8363,OMITIDO,Monto vacio o no numerico: '' [hilo=batch-particion-5],"8000105,17/12/2024,retiro,,Retiro parcial"
6896,cuentas_anuales.csv,5790,OMITIDO,Monto vacio o no numerico: '' [hilo=batch-particion-6],"5000110,08-02-2024,compra,,Retiro parcial"
6897,cuentas_anuales.csv,9516,OMITIDO,Monto vacio o no numerico: '' [hilo=batch-particion-2],"9000113,13/12/2024,compra,,Ingreso navideño"
6898,cuentas_anuales.csv,1909,OMITIDO,Monto vacio o no numerico: '' [hilo=batch-particion-7],"1000107,06/04/2024,retiro,,Ingreso mensual"
6899,cuentas_anuales.csv,4516,OMITIDO,Monto vacio o no numerico: '' [hilo=batch-particion-8],"4000113,13/12/2024,compra,,Ingreso navideño"
6900,cuentas_anuales.csv,842,OMITIDO,Monto vacio o no numerico: '' [hilo=batch-particion-1],"114,2024-05-18,deposito,,Retiro parcial"
6901,cuentas_anuales.csv,4526,OMITIDO,Monto vacio o no numerico: '' [hilo=batch-particion-8],"4000102,2024/12/27,retiro,,Compra en tienda"
6902,cuentas_anuales.csv,849,OMITIDO,Monto vacio o no numerico: '' [hilo=batch-particion-1],"112,2024/08/11,deposito,,"
6903,cuentas_anuales.csv,9526,OMITIDO,Monto vacio o no numerico: '' [hilo=batch-particion-2],"9000102,2024/12/27,retiro,,Compra en tienda"
6904,cuentas_anuales.csv,1940,OMITIDO,Monto vacio o no numerico: '' [hilo=batch-particion-7],"1000117,19-04-2024,retiro,,Retiro parcial"
6905,cuentas_anuales.csv,8371,OMITIDO,Monto vacio o no numerico: '' [hilo=batch-particion-5],"8000104,2024-07-17,compra,,Retiro parcial"
6906,cuentas_anuales.csv,5793,OMITIDO,Monto vacio o no numerico: '' [hilo=batch-particion-6],"5000105,01/09/2024,deposito,,Ingreso mensual"
6907,cuentas_anuales.csv,3371,OMITIDO,Monto vacio o no numerico: '' [hilo=batch-particion-4],"3000104,2024-07-17,compra,,Retiro parcial"
6908,cuentas_anuales.csv,6966,OMITIDO,Monto vacio o no numerico: '' [hilo=batch-particion-3],"6000111,07-03-2024,deposito,,Ingreso mensual"
6909,cuentas_anuales.csv,4530,OMITIDO,Monto vacio o no numerico: '' [hilo=batch-particion-8],"4000116,04-04-2024,compra,,Ingreso navideño"
6910,cuentas_anuales.csv,7006,OMITIDO,Monto vacio o no numerico: '' [hilo=batch-particion-3],"7000120,2024/04/11,compra,,Ingreso mensual"
6911,cuentas_anuales.csv,8374,OMITIDO,Monto vacio o no numerico: '' [hilo=batch-particion-5],"8000111,04/05/2024,deposito,,Ingreso navideño"
6912,cuentas_anuales.csv,851,OMITIDO,Monto vacio o no numerico: '' [hilo=batch-particion-1],"107,2024-02-07,deposito,,Ingreso navideño"
6913,cuentas_anuales.csv,9530,OMITIDO,Monto vacio o no numerico: '' [hilo=batch-particion-2],"9000116,04-04-2024,compra,,Ingreso navideño"
6914,cuentas_anuales.csv,3374,OMITIDO,Monto vacio o no numerico: '' [hilo=batch-particion-4],"3000111,04/05/2024,deposito,,Ingreso navideño"
6915,cuentas_anuales.csv,8379,OMITIDO,Monto vacio o no numerico: '' [hilo=batch-particion-5],"8000117,01-11-2024,deposito,,"
6916,cuentas_anuales.csv,3379,OMITIDO,Monto vacio o no numerico: '' [hilo=batch-particion-4],"3000117,01-11-2024,deposito,,"
6917,cuentas_anuales.csv,856,OMITIDO,Monto vacio o no numerico: '' [hilo=batch-particion-1],"118,20/05/2024,retiro,,Ingreso mensual"
6918,cuentas_anuales.csv,867,OMITIDO,Monto vacio o no numerico: '' [hilo=batch-particion-1],"101,01-09-2024,compra,,"
6919,cuentas_anuales.csv,3382,OMITIDO,Monto vacio o no numerico: '' [hilo=batch-particion-4],"3000120,2024-07-26,retiro,,Ingreso mensual"
6920,cuentas_anuales.csv,8382,OMITIDO,Monto vacio o no numerico: '' [hilo=batch-particion-5],"8000120,2024-07-26,retiro,,Ingreso mensual"
6921,cuentas_anuales.csv,3385,OMITIDO,Monto vacio o no numerico: '' [hilo=batch-particion-4],"3000102,2024/08/30,retiro,,Ingreso navideño"
6922,cuentas_anuales.csv,878,OMITIDO,Monto vacio o no numerico: '' [hilo=batch-particion-1],"101,27-05-2024,deposito,,Ingreso navideño"
6923,cuentas_anuales.csv,8385,OMITIDO,Monto vacio o no numerico: '' [hilo=batch-particion-5],"8000102,2024/08/30,retiro,,Ingreso navideño"
6924,cuentas_anuales.csv,3396,OMITIDO,Monto vacio o no numerico: '' [hilo=batch-particion-4],"3000107,15-06-2024,compra,,"
6925,cuentas_anuales.csv,8396,OMITIDO,Monto vacio o no numerico: '' [hilo=batch-particion-5],"8000107,15-06-2024,compra,,"
6926,cuentas_anuales.csv,886,OMITIDO,Monto vacio o no numerico: '' [hilo=batch-particion-1],"102,29/11/2024,compra,,Compra en tienda"
6927,cuentas_anuales.csv,1966,OMITIDO,Monto vacio o no numerico: '' [hilo=batch-particion-7],"1000111,07-03-2024,deposito,,Ingreso mensual"
6928,cuentas_anuales.csv,7053,OMITIDO,Monto vacio o no numerico: '' [hilo=batch-particion-3],"7000102,2024/11/05,retiro,,Ingreso navideño"
6929,cuentas_anuales.csv,9581,OMITIDO,Monto vacio o no numerico: '' [hilo=batch-particion-2],"9000105,2024/03/11,retiro,,Ingreso navideño"
6930,cuentas_anuales.csv,4581,OMITIDO,Monto vacio o no numerico: '' [hilo=batch-particion-8],"4000105,2024/03/11,retiro,,Ingreso navideño"
6931,cuentas_anuales.csv,5842,OMITIDO,Monto vacio o no numerico: '' [hilo=batch-particion-6],"5000114,2024-05-18,deposito,,Retiro parcial"
6932,cuentas_anuales.csv,7070,OMITIDO,Monto vacio o no numerico: '' [hilo=batch-particion-3],"7000104,2024/07/31,deposito,,Compra en tienda"
6933,cuentas_anuales.csv,901,OMITIDO,Monto vacio o no numerico: '' [hilo=batch-particion-1],"116,18/12/2024,deposito,,Ingreso navideño"
6934,cuentas_anuales.csv,5849,OMITIDO,Monto vacio o no numerico: '' [hilo=batch-particion-6],"5000112,2024/08/11,deposito,,"
6935,cuentas_anuales.csv,2006,OMITIDO,Monto vacio o no numerico: '' [hilo=batch-particion-7],"2000120,2024/04/11,compra,,Ingreso mensual"
6936,cuentas_anuales.csv,9605,OMITIDO,Monto vacio o no numerico: '' [hilo=batch-particion-2],"9000109,2024-09-03,retiro,,Ingreso navideño"
6937,cuentas_anuales.csv,4605,OMITIDO,Monto vacio o no numerico: '' [hilo=batch-particion-8],"4000109,2024-09-03,retiro,,Ingreso navideño"
6938,cuentas_anuales.csv,7072,OMITIDO,Monto vacio o no numerico: '' [hilo=batch-particion-3],"7000117,2024-01-12,retiro,,Ingreso extra"
6939,cuentas_anuales.csv,5851,OMITIDO,Monto vacio o no numerico: '' [hilo=batch-particion-6],"5000107,2024-02-07,deposito,,Ingreso navideño"
6940,cuentas_anuales.csv,4613,OMITIDO,Monto vacio o no numerico: '' [hilo=batch-particion-8],"4000118,11/01/2024,retiro,,"
6941,cuentas_anuales.csv,9613,OMITIDO,Monto vacio o no numerico: '' [hilo=batch-particion-2],"9000118,11/01/2024,retiro,,"
6942,cuentas_anuales.csv,7098,OMITIDO,Monto vacio o no numerico: '' [hilo=batch-particion-3],"7000117,2024-05-18,deposito,,Ingreso mensual"
6943,cuentas_anuales.csv,4621,OMITIDO,Monto vacio o no numerico: '' [hilo=batch-particion-8],"4000114,2024/09/16,compra,,Ingreso extra"
6944,cuentas_anuales.csv,5856,OMITIDO,Monto vacio o no numerico: '' [hilo=batch-particion-6],"5000118,20/05/2024,retiro,,Ingreso mensual"
6945,cuentas_anuales.csv,9621,OMITIDO,Monto vacio o no numerico: '' [hilo=batch-particion-2],"9000114,2024/09/16,compra,,Ingreso extra"
6946,cuentas_anuales.csv,4645,OMITIDO,Monto vacio o no numerico: '' [hilo=batch-particion-8],"4000107,08-05-2024,compra,,Retiro parcial"
6947,cuentas_anuales.csv,9645,OMITIDO,Monto vacio o no numerico: '' [hilo=batch-particion-2],"9000107,08-05-2024,compra,,Retiro parcial"
6948,cuentas_anuales.csv,5867,OMITIDO,Monto vacio o no numerico: '' [hilo=batch-particion-6],"5000101,01-09-2024,compra,,"
6949,cuentas_anuales.csv,7127,OMITIDO,Monto vacio o no numerico: '' [hilo=batch-particion-3],"7000103,2024-07-12,deposito,,"
6950,cuentas_anuales.csv,4649,OMITIDO,Monto vacio o no numerico: '' [hilo=batch-particion-8],"4000112,2024/03/15,compra,,Ingreso extra"
6951,cuentas_anuales.csv,9649,OMITIDO,Monto vacio o no numerico: '' [hilo=batch-particion-2],"9000112,2024/03/15,compra,,Ingreso extra"
6952,cuentas_anuales.csv,7137,OMITIDO,Monto vacio o no numerico: '' [hilo=batch-particion-3],"7000114,2024/10/16,retiro,,Ingreso mensual"
6953,cuentas_anuales.csv,5878,OMITIDO,Monto vacio o no numerico: '' [hilo=batch-particion-6],"5000101,27-05-2024,deposito,,Ingreso navideño"
6954,cuentas_anuales.csv,3409,OMITIDO,Monto vacio o no numerico: '' [hilo=batch-particion-4],"3000114,2024-03-16,compra,,Retiro parcial"
6955,cuentas_anuales.csv,8409,OMITIDO,Monto vacio o no numerico: '' [hilo=batch-particion-5],"8000114,2024-03-16,compra,,Retiro parcial"
6956,cuentas_anuales.csv,5886,OMITIDO,Monto vacio o no numerico: '' [hilo=batch-particion-6],"5000102,29/11/2024,compra,,Compra en tienda"
6957,cuentas_anuales.csv,3439,OMITIDO,Monto vacio o no numerico: '' [hilo=batch-particion-4],"3000118,09/06/2024,retiro,,Ingreso navideño"
6958,cuentas_anuales.csv,8439,OMITIDO,Monto vacio o no numerico: '' [hilo=batch-particion-5],"8000118,09/06/2024,retiro,,Ingreso navideño"
6959,cuentas_anuales.csv,5901,OMITIDO,Monto vacio o no numerico: '' [hilo=batch-particion-6],"5000116,18/12/2024,deposito,,Ingreso navideño"
6960,cuentas_anuales.csv,2053,OMITIDO,Monto vacio o no numerico: '' [hilo=batch-particion-7],"2000102,2024/11/05,retiro,,Ingreso navideño"
6961,cuentas_anuales.csv,909,OMITIDO,Monto vacio o no numerico: '' [hilo=batch-particion-1],"107,06/04/2024,retiro,,Ingreso mensual"
6962,cuentas_anuales.csv,3472,OMITIDO,Monto vacio o no numerico: '' [hilo=batch-particion-4],"3000116,2024/03/10,retiro,,Ingreso mensual"
6963,cuentas_anuales.csv,8472,OMITIDO,Monto vacio o no numerico: '' [hilo=batch-particion-5],"8000116,2024/03/10,retiro,,Ingreso mensual"
6964,cuentas_anuales.csv,2070,OMITIDO,Monto vacio o no numerico: '' [hilo=batch-particion-7],"2000104,2024/07/31,deposito,,Compra en tienda"
6965,cuentas_anuales.csv,940,OMITIDO,Monto vacio o no numerico: '' [hilo=batch-particion-1],"117,19-04-2024,retiro,,Retiro parcial"
6966,cuentas_anuales.csv,3491,OMITIDO,Monto vacio o no numerico: '' [hilo=batch-particion-4],"3000104,31/05/2024,retiro,,"
6967,cuentas_anuales.csv,8491,OMITIDO,Monto vacio o no numerico: '' [hilo=batch-particion-5],"8000104,31/05/2024,retiro,,"
6968,cuentas_anuales.csv,2072,OMITIDO,Monto vacio o no numerico: '' [hilo=batch-particion-7],"2000117,2024-01-12,retiro,,Ingreso extra"
6969,cuentas_anuales.csv,966,OMITIDO,Monto vacio o no numerico: '' [hilo=batch-particion-1],"111,07-03-2024,deposito,,Ingreso mensual"
6970,cuentas_anuales.csv,2098,OMITIDO,Monto vacio o no numerico: '' [hilo=batch-particion-7],"2000117,2024-05-18,deposito,,Ingreso mensual"
6971,cuentas_anuales.csv,4667,OMITIDO,Monto vacio o no numerico: '' [hilo=batch-particion-8],"4000113,2024/09/13,retiro,,"
6972,cuentas_anuales.csv,9667,OMITIDO,Monto vacio o no numerico: '' [hilo=batch-particion-2],"9000113,2024/09/13,retiro,,"
6973,cuentas_anuales.csv,7228,OMITIDO,Monto vacio o no numerico: '' [hilo=batch-particion-3],"7000107,21-03-2024,deposito,,Compra en tienda"
6974,cuentas_anuales.csv,2127,OMITIDO,Monto vacio o no numerico: '' [hilo=batch-particion-7],"2000103,2024-07-12,deposito,,"
6975,cuentas_anuales.csv,4707,OMITIDO,Monto vacio o no numerico: '' [hilo=batch-particion-8],"4000103,13-09-2024,compra,,"
6976,cuentas_anuales.csv,9707,OMITIDO,Monto vacio o no numerico: '' [hilo=batch-particion-2],"9000103,13-09-2024,compra,,"
6977,cuentas_anuales.csv,2137,OMITIDO,Monto vacio o no numerico: '' [hilo=batch-particion-7],"2000114,2024/10/16,retiro,,Ingreso mensual"
6978,cuentas_anuales.csv,5909,OMITIDO,Monto vacio o no numerico: '' [hilo=batch-particion-6],"5000107,06/04/2024,retiro,,Ingreso mensual"
6979,cuentas_anuales.csv,7246,OMITIDO,Monto vacio o no numerico: '' [hilo=batch-particion-3],"7000107,08/12/2024,compra,,Retiro parcial"
6980,cuentas_anuales.csv,5940,OMITIDO,Monto vacio o no numerico: '' [hilo=batch-particion-6],"5000117,19-04-2024,retiro,,Retiro parcial"
6981,cuentas_anuales.csv,7249,OMITIDO,Monto vacio o no numerico: '' [hilo=batch-particion-3],"7000106,19/10/2024,deposito,,"
6982,cuentas_anuales.csv,3516,OMITIDO,Monto vacio o no numerico: '' [hilo=batch-particion-4],"3000113,13/12/2024,compra,,Ingreso navideño"
6983,cuentas_anuales.csv,5966,OMITIDO,Monto vacio o no numerico: '' [hilo=batch-particion-6],"5000111,07-03-2024,deposito,,Ingreso mensual"
6984,cuentas_anuales.csv,8516,OMITIDO,Monto vacio o no numerico: '' [hilo=batch-particion-5],"8000113,13/12/2024,compra,,Ingreso navideño"
6985,cuentas_anuales.csv,3526,OMITIDO,Monto vacio o no numerico: '' [hilo=batch-particion-4],"3000102,2024/12/27,retiro,,Compra en tienda"
6986,cuentas_anuales.csv,1006,OMITIDO,Monto vacio o no numerico: '' [hilo=batch-particion-1],"1000120,2024/04/11,compra,,Ingreso mensual"
6987,cuentas_anuales.csv,3530,OMITIDO,Monto vacio o no numerico: '' [hilo=batch-particion-4],"3000116,04-04-2024,compra,,Ingreso navideño"
6988,cuentas_anuales.csv,8526,OMITIDO,Monto vacio o no numerico: '' [hilo=batch-particion-5],"8000102,2024/12/27,retiro,,Compra en tienda"
6989,cuentas_anuales.csv,1053,OMITIDO,Monto vacio o no numerico: '' [hilo=batch-particion-1],"1000102,2024/11/05,retiro,,Ingreso navideño"
6990,cuentas_anuales.csv,3581,OMITIDO,Monto vacio o no numerico: '' [hilo=batch-particion-4],"3000105,2024/03/11,retiro,,Ingreso navideño"
6991,cuentas_anuales.csv,8530,OMITIDO,Monto vacio o no numerico: '' [hilo=batch-particion-5],"8000116,04-04-2024,compra,,Ingreso navideño"
6992,cuentas_anuales.csv,1070,OMITIDO,Monto vacio o no numerico: '' [hilo=batch-particion-1],"1000104,2024/07/31,deposito,,Compra en tienda"
6993,cuentas_anuales.csv,8581,OMITIDO,Monto vacio o no numerico: '' [hilo=batch-particion-5],"8000105,2024/03/11,retiro,,Ingreso navideño"
6994,cuentas_anuales.csv,1072,OMITIDO,Monto vacio o no numerico: '' [hilo=batch-particion-1],"1000117,2024-01-12,retiro,,Ingreso extra"
6995,cuentas_anuales.csv,1098,OMITIDO,Monto vacio o no numerico: '' [hilo=batch-particion-1],"1000117,2024-05-18,deposito,,Ingreso mensual"
6996,cuentas_anuales.csv,4790,OMITIDO,Monto vacio o no numerico: '' [hilo=batch-particion-8],"4000110,08-02-2024,compra,,Retiro parcial"
6997,cuentas_anuales.csv,2228,OMITIDO,Monto vacio o no numerico: '' [hilo=batch-particion-7],"2000107,21-03-2024,deposito,,Compra en tienda"
6998,cuentas_anuales.csv,4793,OMITIDO,Monto vacio o no numerico: '' [hilo=batch-particion-8],"4000105,01/09/2024,deposito,,Ingreso mensual"
6999,cuentas_anuales.csv,2246,OMITIDO,Monto vacio o no numerico: '' [hilo=batch-particion-7],"2000107,08/12/2024,compra,,Retiro parcial"
7000,cuentas_anuales.csv,4842,OMITIDO,Monto vacio o no numerico: '' [hilo=batch-particion-8],"4000114,2024-05-18,deposito,,Retiro parcial"
7001,cuentas_anuales.csv,7256,OMITIDO,Monto vacio o no numerico: '' [hilo=batch-particion-3],"7000105,2024-08-11,deposito,,Compra en tienda"
7002,cuentas_anuales.csv,2249,OMITIDO,Monto vacio o no numerico: '' [hilo=batch-particion-7],"2000106,19/10/2024,deposito,,"
7003,cuentas_anuales.csv,4849,OMITIDO,Monto vacio o no numerico: '' [hilo=batch-particion-8],"4000112,2024/08/11,deposito,,"
7004,cuentas_anuales.csv,9790,OMITIDO,Monto vacio o no numerico: '' [hilo=batch-particion-2],"9000110,08-02-2024,compra,,Retiro parcial"
7005,cuentas_anuales.csv,6006,OMITIDO,Monto vacio o no numerico: '' [hilo=batch-particion-6],"6000120,2024/04/11,compra,,Ingreso mensual"
7006,cuentas_anuales.csv,3605,OMITIDO,Monto vacio o no numerico: '' [hilo=batch-particion-4],"3000109,2024-09-03,retiro,,Ingreso navideño"
7007,cuentas_anuales.csv,7271,OMITIDO,Monto vacio o no numerico: '' [hilo=batch-particion-3],"7000108,2024-09-29,deposito,,Ingreso extra"
7008,cuentas_anuales.csv,3613,OMITIDO,Monto vacio o no numerico: '' [hilo=batch-particion-4],"3000118,11/01/2024,retiro,,"
7009,cuentas_anuales.csv,4851,OMITIDO,Monto vacio o no numerico: '' [hilo=batch-particion-8],"4000107,2024-02-07,deposito,,Ingreso navideño"
7010,cuentas_anuales.csv,6053,OMITIDO,Monto vacio o no numerico: '' [hilo=batch-particion-6],"6000102,2024/11/05,retiro,,Ingreso navideño"
7011,cuentas_anuales.csv,9793,OMITIDO,Monto vacio o no numerico: '' [hilo=batch-particion-2],"9000105,01/09/2024,deposito,,Ingreso mensual"
7012,cuentas_anuales.csv,8605,OMITIDO,Monto vacio o no numerico: '' [hilo=batch-particion-5],"8000109,2024-09-03,retiro,,Ingreso navideño"
7013,cuentas_anuales.csv,1127,OMITIDO,Monto vacio o no numerico: '' [hilo=batch-particion-1],"1000103,2024-07-12,deposito,,"
7014,cuentas_anuales.csv,7318,OMITIDO,Monto vacio o no numerico: '' [hilo=batch-particion-3],"7000119,2024/02/29,compra,,Ingreso mensual"
7015,cuentas_anuales.csv,6070,OMITIDO,Monto vacio o no numerico: '' [hilo=batch-particion-6],"6000104,2024/07/31,deposito,,Compra en tienda"
7016,cuentas_anuales.csv,9842,OMITIDO,Monto vacio o no numerico: '' [hilo=batch-particion-2],"9000114,2024-05-18,deposito,,Retiro parcial"
7017,cuentas_anuales.csv,3621,OMITIDO,Monto vacio o no numerico: '' [hilo=batch-particion-4],"3000114,2024/09/16,compra,,Ingreso extra"
7018,cuentas_anuales.csv,1137,OMITIDO,Monto vacio o no numerico: '' [hilo=batch-particion-1],"1000114,2024/10/16,retiro,,Ingreso mensual"
7019,cuentas_anuales.csv,8613,OMITIDO,Monto vacio o no numerico: '' [hilo=batch-particion-5],"8000118,11/01/2024,retiro,,"
7020,cuentas_anuales.csv,3645,OMITIDO,Monto vacio o no numerico: '' [hilo=batch-particion-4],"3000107,08-05-2024,compra,,Retiro parcial"
7021,cuentas_anuales.csv,6072,OMITIDO,Monto vacio o no numerico: '' [hilo=batch-particion-6],"6000117,2024-01-12,retiro,,Ingreso extra"
7022,cuentas_anuales.csv,9849,OMITIDO,Monto vacio o no numerico: '' [hilo=batch-particion-2],"9000112,2024/08/11,deposito,,"
7023,cuentas_anuales.csv,8621,OMITIDO,Monto vacio o no numerico: '' [hilo=batch-particion-5],"8000114,2024/09/16,compra,,Ingreso extra"
7024,cuentas_anuales.csv,3649,OMITIDO,Monto vacio o no numerico: '' [hilo=batch-particion-4],"3000112,2024/03/15,compra,,Ingreso extra"
7025,cuentas_anuales.csv,6098,OMITIDO,Monto vacio o no numerico: '' [hilo=batch-particion-6],"6000117,2024-05-18,deposito,,Ingreso mensual"
7026,cuentas_anuales.csv,9851,OMITIDO,Monto vacio o no numerico: '' [hilo=batch-particion-2],"9000107,2024-02-07,deposito,,Ingreso navideño"
7027,cuentas_anuales.csv,8645,OMITIDO,Monto vacio o no numerico: '' [hilo=batch-particion-5],"8000107,08-05-2024,compra,,Retiro parcial"
7028,cuentas_anuales.csv,3667,OMITIDO,Monto vacio o no numerico: '' [hilo=batch-particion-4],"3000113,2024/09/13,retiro,,"
7029,cuentas_anuales.csv,2256,OMITIDO,Monto vacio o no numerico: '' [hilo=batch-particion-7],"2000105,2024-08-11,deposito,,Compra en tienda"
7030,cuentas_anuales.csv,8649,OMITIDO,Monto vacio o no numerico: '' [hilo=batch-particion-5],"8000112,2024/03/15,compra,,Ingreso extra"
7031,cuentas_anuales.csv,2271,OMITIDO,Monto vacio o no numerico: '' [hilo=batch-particion-7],"2000108,2024-09-29,deposito,,Ingreso extra"
7032,cuentas_anuales.csv,8667,OMITIDO,Monto vacio o no numerico: '' [hilo=batch-particion-5],"8000113,2024/09/13,retiro,,"
7033,cuentas_anuales.csv,4856,OMITIDO,Monto vacio o no numerico: '' [hilo=batch-particion-8],"4000118,20/05/2024,retiro,,Ingreso mensual"
7034,cuentas_anuales.csv,1228,OMITIDO,Monto vacio o no numerico: '' [hilo=batch-particion-1],"1000107,21-03-2024,deposito,,Compra en tienda"
7035,cuentas_anuales.csv,7363,OMITIDO,Monto vacio o no numerico: '' [hilo=batch-particion-3],"7000105,17/12/2024,retiro,,Retiro parcial"
7036,cuentas_anuales.csv,2318,OMITIDO,Monto vacio o no numerico: '' [hilo=batch-particion-7],"2000119,2024/02/29,compra,,Ingreso mensual"
7037,cuentas_anuales.csv,1246,OMITIDO,Monto vacio o no numerico: '' [hilo=batch-particion-1],"1000107,08/12/2024,compra,,Retiro parcial"
7038,cuentas_anuales.csv,4867,OMITIDO,Monto vacio o no numerico: '' [hilo=batch-particion-8],"4000101,01-09-2024,compra,,"
7039,cuentas_anuales.csv,7371,OMITIDO,Monto vacio o no numerico: '' [hilo=batch-particion-3],"7000104,2024-07-17,compra,,Retiro parcial"
7040,cuentas_anuales.csv,4878,OMITIDO,Monto vacio o no numerico: '' [hilo=batch-particion-8],"4000101,27-05-2024,deposito,,Ingreso navideño"
7041,cuentas_anuales.csv,1249,OMITIDO,Monto vacio o no numerico: '' [hilo=batch-particion-1],"1000106,19/10/2024,deposito,,"
7042,cuentas_anuales.csv,3707,OMITIDO,Monto vacio o no numerico: '' [hilo=batch-particion-4],"3000103,13-09-2024,compra,,"
7043,cuentas_anuales.csv,7374,OMITIDO,Monto vacio o no numerico: '' [hilo=batch-particion-3],"7000111,04/05/2024,deposito,,Ingreso navideño"
7044,cuentas_anuales.csv,4886,OMITIDO,Monto vacio o no numerico: '' [hilo=batch-particion-8],"4000102,29/11/2024,compra,,Compra en tienda"
7045,cuentas_anuales.csv,6127,OMITIDO,Monto vacio o no numerico: '' [hilo=batch-particion-6],"6000103,2024-07-12,deposito,,"
7046,cuentas_anuales.csv,7379,OMITIDO,Monto vacio o no numerico: '' [hilo=batch-particion-3],"7000117,01-11-2024,deposito,,"
7047,cuentas_anuales.csv,4901,OMITIDO,Monto vacio o no numerico: '' [hilo=batch-particion-8],"4000116,18/12/2024,deposito,,Ingreso navideño"
7048,cuentas_anuales.csv,9856,OMITIDO,Monto vacio o no numerico: '' [hilo=batch-particion-2],"9000118,20/05/2024,retiro,,Ingreso mensual"
7049,cuentas_anuales.csv,6137,OMITIDO,Monto vacio o no numerico: '' [hilo=batch-particion-6],"6000114,2024/10/16,retiro,,Ingreso mensual"
7050,cuentas_anuales.csv,8707,OMITIDO,Monto vacio o no numerico: '' [hilo=batch-particion-5],"8000103,13-09-2024,compra,,"
7051,cuentas_anuales.csv,7382,OMITIDO,Monto vacio o no numerico: '' [hilo=batch-particion-3],"7000120,2024-07-26,retiro,,Ingreso mensual"
7052,cuentas_anuales.csv,9867,OMITIDO,Monto vacio o no numerico: '' [hilo=batch-particion-2],"9000101,01-09-2024,compra,,"
7053,cuentas_anuales.csv,4909,OMITIDO,Monto vacio o no numerico: '' [hilo=batch-particion-8],"4000107,06/04/2024,retiro,,Ingreso mensual"
7054,cuentas_anuales.csv,7385,OMITIDO,Monto vacio o no numerico: '' [hilo=batch-particion-3],"7000102,2024/08/30,retiro,,Ingreso navideño"
7055,cuentas_anuales.csv,9878,OMITIDO,Monto vacio o no numerico: '' [hilo=batch-particion-2],"9000101,27-05-2024,deposito,,Ingreso navideño"
7056,cuentas_anuales.csv,4940,OMITIDO,Monto vacio o no numerico: '' [hilo=batch-particion-8],"4000117,19-04-2024,retiro,,Retiro parcial"
7057,cuentas_anuales.csv,7396,OMITIDO,Monto vacio o no numerico: '' [hilo=batch-particion-3],"7000107,15-06-2024,compra,,"
7058,cuentas_anuales.csv,2363,OMITIDO,Monto vacio o no numerico: '' [hilo=batch-particion-7],"2000105,17/12/2024,retiro,,Retiro parcial"
7059,cuentas_anuales.csv,9886,OMITIDO,Monto vacio o no numerico: '' [hilo=batch-particion-2],"9000102,29/11/2024,compra,,Compra en tienda"
7060,cuentas_anuales.csv,7409,OMITIDO,Monto vacio o no numerico: '' [hilo=batch-particion-3],"7000114,2024-03-16,compra,,Retiro parcial"
7061,cuentas_anuales.csv,2371,OMITIDO,Monto vacio o no numerico: '' [hilo=batch-particion-7],"2000104,2024-07-17,compra,,Retiro parcial"
7062,cuentas_anuales.csv,9901,OMITIDO,Monto vacio o no numerico: '' [hilo=batch-particion-2],"9000116,18/12/2024,deposito,,Ingreso navideño"
7063,cuentas_anuales.csv,6228,OMITIDO,Monto vacio o no numerico: '' [hilo=batch-particion-6],"6000107,21-03-2024,deposito,,Compra en tienda"
7064,cuentas_anuales.csv,7439,OMITIDO,Monto vacio o no numerico: '' [hilo=batch-particion-3],"7000118,09/06/2024,retiro,,Ingreso navideño"
7065,cuentas_anuales.csv,2374,OMITIDO,Monto vacio o no numerico: '' [hilo=batch-particion-7],"2000111,04/05/2024,deposito,,Ingreso navideño"
7066,cuentas_anuales.csv,6246,OMITIDO,Monto vacio o no numerico: '' [hilo=batch-particion-6],"6000107,08/12/2024,compra,,Retiro parcial"
7067,cuentas_anuales.csv,9909,OMITIDO,Monto vacio o no numerico: '' [hilo=batch-particion-2],"9000107,06/04/2024,retiro,,Ingreso mensual"
7068,cuentas_anuales.csv,2379,OMITIDO,Monto vacio o no numerico: '' [hilo=batch-particion-7],"2000117,01-11-2024,deposito,,"
7069,cuentas_anuales.csv,6249,OMITIDO,Monto vacio o no numerico: '' [hilo=batch-particion-6],"6000106,19/10/2024,deposito,,"
7070,cuentas_anuales.csv,9940,OMITIDO,Monto vacio o no numerico: '' [hilo=batch-particion-2],"9000117,19-04-2024,retiro,,Retiro parcial"
7071,cuentas_anuales.csv,4966,OMITIDO,Monto vacio o no numerico: '' [hilo=batch-particion-8],"4000111,07-03-2024,deposito,,Ingreso mensual"
7072,cuentas_anuales.csv,2382,OMITIDO,Monto vacio o no numerico: '' [hilo=batch-particion-7],"2000120,2024-07-26,retiro,,Ingreso mensual"
7073,cuentas_anuales.csv,2385,OMITIDO,Monto vacio o no numerico: '' [hilo=batch-particion-7],"2000102,2024/08/30,retiro,,Ingreso navideño"
7074,cuentas_anuales.csv,2396,OMITIDO,Monto vacio o no numerico: '' [hilo=batch-particion-7],"2000107,15-06-2024,compra,,"
7075,cuentas_anuales.csv,7472,OMITIDO,Monto vacio o no numerico: '' [hilo=batch-particion-3],"7000116,2024/03/10,retiro,,Ingreso mensual"
7076,cuentas_anuales.csv,2409,OMITIDO,Monto vacio o no numerico: '' [hilo=batch-particion-7],"2000114,2024-03-16,compra,,Retiro parcial"
7077,cuentas_anuales.csv,7491,OMITIDO,Monto vacio o no numerico: '' [hilo=batch-particion-3],"7000104,31/05/2024,retiro,,"
7078,cuentas_anuales.csv,9966,OMITIDO,Monto vacio o no numerico: '' [hilo=batch-particion-2],"9000111,07-03-2024,deposito,,Ingreso mensual"
7079,cuentas_anuales.csv,2439,OMITIDO,Monto vacio o no numerico: '' [hilo=batch-particion-7],"2000118,09/06/2024,retiro,,Ingreso navideño"
7080,cuentas_anuales.csv,2472,OMITIDO,Monto vacio o no numerico: '' [hilo=batch-particion-7],"2000116,2024/03/10,retiro,,Ingreso mensual"
7081,cuentas_anuales.csv,2491,OMITIDO,Monto vacio o no numerico: '' [hilo=batch-particion-7],"2000104,31/05/2024,retiro,,"
